{
  "xgboost": {
    "roc_auc": 0.9779471984144874,
    "pr_auc": 0.948915641362971,
    "f1": 0.9049279881826762
  },
  "random_forest": {
    "roc_auc": 0.9778915118484321,
    "pr_auc": 0.9496937417425115,
    "f1": 0.908485856905158
  },
  "ensemble": {
    "roc_auc": 0.9784112528621889,
    "pr_auc": 0.9502562244643342,
    "f1": 0.9121160051967646
  }
}