{
  "induction_power": {
    "mean": 48.71781271972518,
    "std": 54.51476553224652
  },
  "coil_voltage": {
    "mean": 168.94315894793823,
    "std": 188.9109405521867
  },
  "quench_water_temp": {
    "mean": 26.680389188752876,
    "std": 2.6573564065586606
  },
  "quench_water_flow": {
    "mean": 13.538480677577759,
    "std": 19.339070494991265
  },
  "quench_pressure": {
    "mean": 1.8306971539762609,
    "std": 2.595862977468311
  },
  "coil_scan_speed": {
    "mean": 7.776028505763269,
    "std": 4.174724423702143
  },
  "part_temp": {
    "mean": 377.72264172579474,
    "std": 311.65695527742287
  },
  "vibration": {
    "mean": 1.8888882266664098,
    "std": 1.0001717681778686
  },
  "induction_power_mean_60": {
    "mean": 48.49717094052888,
    "std": 4.919702301236703
  },
  "quench_water_flow_mean_60": {
    "mean": 13.488467043318334,
    "std": 2.134101456984136
  },
  "quench_pressure_mean_60": {
    "mean": 1.8225989324061542,
    "std": 0.21898064961962668
  },
  "coil_voltage_mean_60": {
    "mean": 168.15056700918657,
    "std": 16.712441100428517
  },
  "induction_power_std_60": {
    "mean": 54.6906221106315,
    "std": 2.1141349765493453
  },
  "quench_water_flow_std_60": {
    "mean": 19.24236034680933,
    "std": 2.23033349015988
  },
  "quench_pressure_std_60": {
    "mean": 2.601801740709796,
    "std": 0.14311650869428252
  },
  "quench_water_flow_roc": {
    "mean": 0.0015911215748854353,
    "std": 3.3377004221323587
  },
  "quench_pressure_roc": {
    "mean": 0.0002462468625088514,
    "std": 0.4490434154682992
  },
  "coil_voltage_roc": {
    "mean": 0.028530603827192125,
    "std": 35.82649444510819
  },
  "power_per_voltage": {
    "mean": 0.127310172069853,
    "std": 0.46677210150052756
  }
}